,tweet_id,is_retweet,time,text,replies,retweets,likes
0,1258448363281952768,False,2020-05-07 10:27:25,"....are getting caught doing very evil things, and Republicans should take note. This was grave misconduct by the Obama Justice Department! @GovChristie",2340,5856,21793
1,1258448362409426944,False,2020-05-07 10:27:25,"Congratulations to former Governor of New Jersey, Chris Christie, and all others involved, on a complete and total exoneration (with a 9-0 vote by the U.S. Supreme Court) on the Obama DOJ Scam referred to as “Bridgegate.” The Democrats....",3289,8663,30665
2,1258432889303248896,False,2020-05-07 09:25:56,"As you know, I designated this day to be a National Day of Prayer. As our Nation heals, our Spirit has never been Stronger! https://www.whitehouse.gov/presidential-actions/proclamation-national-day-prayer-2020/ …",10622,13462,50984
3,1258134788294270977,False,2020-05-06 13:41:23,https://www.whitehouse.gov/presidential-actions/proclamation-national-nurses-day-2020/ …,13671,13743,67923
4,1258131970716024833,True,2020-05-06 13:30:11,"""The partnership and collaboration as we went through this pandemic has been incredible,"" @IAGovernor said. pic.twitter.com/FkNB9QBEvQ",5931,7445,28864
5,1258102144030461953,True,2020-05-06 11:31:40,"Just now, President @realDonaldTrump welcomed incredible healthcare warriors to the Oval Office in honor of National Nurses Day! pic.twitter.com/fsszeyf8rV",7041,10447,45742
6,1258053124893347841,False,2020-05-06 08:16:53,The Fake News has reached an all time high!,57704,53023,282198
7,1257813096707641346,True,2020-05-05 16:23:05,"The Senate is back in session. But the House is missing in action. 

Our latest op-ed. https://nypost.com/2020/05/05/nancy-pelosis-just-wrong-to-keep-the-house-from-meeting/ …",9114,15863,42911
8,1258020241063510018,False,2020-05-06 06:06:13,"....to it, as appropriate. The Task Force will also be very focused on Vaccines & Therapeutics. Thank you!",8437,11194,57927
9,1258020228006584320,False,2020-05-06 06:06:09,"....gloves, gowns etc. are now plentiful. The last four Governors teleconference calls have been conclusively strong. Because of this success, the Task Force will continue on indefinitely with its focus on SAFETY & OPENING UP OUR COUNTRY AGAIN. We may add or subtract people ....",5300,11665,59122
10,1258020211883638786,False,2020-05-06 06:06:06,"....produced in the thousands, and we have many to spare. We are helping other countries which are desperate for them. Likewise, after having been left little, we are now doing more testing than all other countries combined, and with superior tests. Face masks & shields,....",2075,5258,21215
11,1258020179692445697,False,2020-05-06 06:05:58,"The White House CoronaVirus Task Force, headed by Vice President Mike Pence, has done a fantastic job of bringing together vast highly complex resources that have set a high standard for others to follow in the future. Ventilators, which were few & in bad shape, are now being....",16204,20533,100708
12,1257873257732214784,False,2020-05-05 20:22:09,Thank you @Honeywell! pic.twitter.com/4jH6NF63XI,10772,16941,75593
13,1257714716492722176,True,2020-05-05 09:52:10,"For the constant criticism from the Do Nothing Democrats and their Fake News partners, here is the newest chart on our great testing “miracle"" compared to other countries. Dems and LameStream Media should be proud of the USA, instead of always ripping us down! pic.twitter.com/8AwnPCNchF",27873,22250,75101
14,1257789774909239301,True,2020-05-05 14:50:25,"“The Navajo Nation is a Nation within a Nation. We appreciate President Trump for supplying our Tribal Reservation with the rapid-result Abbott Coronavirus test as this demonstrates a hand-up & not a hand-out to our Navajo Citizens,” VP Lizer. https://twitter.com/whitehouse/status/1257781139550408705 …",2171,13850,41955
15,1257822958522753024,False,2020-05-05 17:02:17,pic.twitter.com/cnQ4tL0aN3,12329,24630,82735
16,1257788671777964034,True,2020-05-05 14:46:02,"Owners of Sammy’s Mexican Restaurant to President @realDonaldTrump: Latinos are going to vote for you because you’re doing a very good job!

#LatinosForTrump pic.twitter.com/jFQrk29OUv",5261,15976,56362
17,1257793742540386304,False,2020-05-05 15:06:11,"I was thrilled to be back in the Great State of Arizona with the incredible, patriotic, and hardworking men and women of @Honeywell! https://www.pscp.tv/w/cYCIbjEyMzE3NDF8MW1yR21RRW1MekJHeVGoFDGqC9OeKGFFJTKaQASKbK_6PvLxpIdmMYIpik-V?t=1s …",5680,11728,50322
18,1257768408256409601,False,2020-05-05 13:25:31,Will be doing a major interview tonight at 6:30 P.M. Eastern with @DavidMuir on @ABCWorldNews Tonight.,12720,13298,61372
19,1257753237790158848,False,2020-05-05 12:25:14,"On #NationalTeacherDay, we recognize the countless men and women who dedicate their lives to instilling character, integrity, and knowledge in the hearts and minds of our Nation’s students, thank you! https://www.whitehouse.gov/briefings-statements/presidential-message-national-teacher-day-2020/ …",5127,10023,42991
20,1257744763832299520,False,2020-05-05 11:51:34,Getting ready to land in the Great State of Arizona!,8542,12737,104680
21,1257744456591130624,False,2020-05-05 11:50:20,"Wow! Congratulations to Greg Gutfeld, a one time Trump Hater who has come all the way home. His Ratings easily beat no talent Stephen Colbert, nice guy Jimmy Fallon, and wacko “last placer” Jimmy Kimmel. Greg built his show from scratch, and did a great job in doing so. @FoxNews",19531,30669,143712
22,1257741326650470400,False,2020-05-05 11:37:54,"Well run States should not be bailing out poorly run States, using CoronaVirus as the excuse! The elimination of Sanctuary Cities, Payroll Taxes, and perhaps Capital Gains Taxes, must be put on the table. Also lawsuit indemnification & business deductions for restaurants & ent.",25631,31494,119409
23,1257736426206031874,False,2020-05-05 11:18:26,"Most of the money raised by the RINO losers of the so-called “Lincoln Project”, goes into their own pockets. With what I’ve done on Judges, Taxes, Regulations, Healthcare, the Military, Vets (Choice!) & protecting our great 2A, they should love Trump. Problem is, I BEAT THEM ALL!",13746,19284,79647
24,1257656121898283010,True,2020-05-05 05:59:20,.@RepRatcliffe is the right choice for Director of National Intelligence – and for America. https://thehill.com/blogs/congress-blog/politics/496090-john-ratcliffe-is-the-right-choice-for-director-of-national?rnd=1588653221 …,2039,8530,28143
25,1257725719469158401,False,2020-05-05 10:35:53,Remember this? Happy #CincoDeMayo! https://twitter.com/realDonaldTrump/status/728297587418247168 …,14007,20222,99300
26,1257715551729676289,False,2020-05-05 09:55:29,"The Do Nothing Democrats and their leader, the Fake News Lamestream Media, are doing everything possible to hurt and disparage our Country. No matter what we do or say, no matter how big a win, they report that it was a loss, or not good enough. The Enemy of the People!",27346,32930,136315
27,1257714716492722176,False,2020-05-05 09:52:10,"For the constant criticism from the Do Nothing Democrats and their Fake News partners, here is the newest chart on our great testing “miracle"" compared to other countries. Dems and LameStream Media should be proud of the USA, instead of always ripping us down! pic.twitter.com/8AwnPCNchF",27873,22251,75101
28,1257664979190321160,True,2020-05-05 06:34:31,Honored to join President @realDonaldTrump on board Air Force One today! https://twitter.com/realdonaldtrump/status/1257651144739950593 …,2821,6035,28327
29,1257662999340474369,True,2020-05-05 06:26:39,Excited to join @realDonaldTrump today on Air Force One for his visit to a @honeywell facility in Arizona! https://lesko.house.gov/news/documentsingle.aspx?DocumentID=2363 …,1606,5524,23726
30,1257663550295732225,True,2020-05-05 06:28:51,"Arizona is proud to welcome @realDonaldTrump to our state today! We are very thankful for his leadership in addressing #COVID19, and his continued support for our tribal communities. 1/2",3053,8186,37885
31,1257691587754287104,True,2020-05-05 08:20:15,President @realDonaldTrump: We are going to build the greatest economy in the world AGAIN! pic.twitter.com/QzGf0kk137,4789,12301,48771
32,1257690654538334210,True,2020-05-05 08:16:33,President @realDonaldTrump: The Democrats want us to fail so they can win an election which they’re not going to win pic.twitter.com/5b5aUbM8Rx,3799,11470,41751
33,1257659682816241665,False,2020-05-05 06:13:29,"Governors should let roads and highway construction begin before heavy traffic starts, which will be soon. Some Governors never stopped, which proved to be very smart. They built and fixed roads during long no traffic periods. Also, saved big dollars!",10683,26830,125624
34,1257651144739950593,False,2020-05-05 05:39:33,Heading to Arizona!,19392,16867,143191
35,1257650279740301314,False,2020-05-05 05:36:07,Oil prices moving up nicely as demand begins again!,17305,26950,168900
36,1257649628327153664,False,2020-05-05 05:33:32,Exciting to see our Country starting to open up again! https://twitter.com/gopchairwoman/status/1257324495326461960 …,11248,15922,70207
37,1257356136988237827,True,2020-05-04 10:07:18,"“The mobilization of the private sector has been extraordinary. For instance, N95 masks alone, @realDonaldTrump has deployed 75M. On the average year, the health care system uses 25M. So we have done three times that in just 2 months.” - @PressSec https://twitter.com/GOP/status/1257305287339307014 …",3120,8017,25484
38,1257400179583565824,True,2020-05-04 13:02:18,"Across the country, the #PaycheckProtectionProgram that @realDonaldTrump signed is helping Americans.
 
And in Wisconsin alone, the PPP has provided over $8.3 billion to Badger State small businesses. https://www.kenoshanews.com/opinion/columnists/paycheck-protection-program-a-win-for-wisconsin-businesses/article_52bf0ebd-9c08-5a27-aab0-e12701077539.html …",1164,4685,16811
39,1257415206373920772,True,2020-05-04 14:02:01,"""China’s economy has thrived through the manufacture of American products,"" Andy Puzder and Bill Hagerty write.

It's time to bring those supply chains home—and President @realDonaldTrump has already laid a foundation.

West Wing Reads: http://45.wh.gov/qPpLTE pic.twitter.com/n8Ti1SQ7zP",1766,7710,24260
40,1257315077243334656,False,2020-05-04 07:24:08,"Interesting? By Congress not wanting the special 5 minute testing apparatus, they are saying that they are not “essential”.  In any event, we have great testing capacity, and have performed 6.5 million tests, which is more than every country in the world, combined!",28439,33161,141368
41,1257304527843110914,False,2020-05-04 06:42:13,"Mexico is sadly experiencing very big CoronaVirus problems, and now California, get this, doesn’t want people coming over the Southern Border. A Classic! They are sooo lucky that I am their President. Border is very tight and the Wall is rapidly being built!",37793,57306,270159
42,1257303100815261696,False,2020-05-04 06:36:33,"Republicans love the biggest Tax Cuts, Rebuilt Military, Choice for Vets, saving 2nd Amendment and many other things my Administration has done, but what they love beyond all else is 252 (so far!) Federal Judges, not including two great Supreme Court Justices. A Big Record!",14993,23628,103883
43,1257286796523814914,False,2020-05-04 05:31:46,"And I’m Endorsing you also Lacy, you truly deserve it. You are doing a great job, and Omar is a disaster who wants much higher taxes, hates our Military & our Vets, demands Open Borders, and is fighting to take away our great 2nd Amendment. Good luck Lacy! https://twitter.com/lacyjohnsonmn/status/1256601986545463298 …",7937,35453,114942
44,1257283775375040512,False,2020-05-04 05:19:45,"Getting great reviews, finally, for how well we are handling the pandemic, especially our strong production of desperately needed ventilators, the building of field hospitals & beds, and soon, the great things we are doing on testing. People are really working well together!",30287,24159,125885
45,1257258214615367680,False,2020-05-04 03:38:11,"“Concast” should open up a long overdue Florida Cold Case against Psycho Joe Scarborough. I know him and Crazy Mika well, used them beautifully in the last Election, dumped them nicely, and will state on the record that he is “nuts”. Besides, bad ratings! #OPENJOECOLDCASE",29210,28370,103392
46,1257138589307219969,False,2020-05-03 19:42:50,I’m with the TRUCKERS all the way. Thanks for the meeting at the White House with my representatives from the Administration. It is all going to work out well!,9781,26385,151901
47,1257129479455080448,False,2020-05-03 19:06:38,pic.twitter.com/cnQ4tKIzVv,18670,34304,112793
48,1257069539294171140,False,2020-05-03 15:08:28,pic.twitter.com/O4iRRKJkyS,10269,15999,59549
49,1257047564219822080,False,2020-05-03 13:41:08,Thank you Ryan. Working hard! https://twitter.com/ryanafournier/status/1256720927217332224 …,12336,19270,88924
50,1256814492723212288,True,2020-05-02 22:15:00,"States will have to give up sanctuary policies to receive a bailout, says Trump. https://davidharrisjr.com/steven/president-trump-calls-for-tying-any-financial-aid-to-states-changing-their-sanctuary-policies/ …",5446,16464,54690
51,1256844691833667585,True,2020-05-03 00:15:00,A storm is coming... https://davidharrisjr.com/steven/j-durham-expands-his-investigative-team-as-he-ramps-up-spygate-probe/ …,4098,18922,53250
52,1256874890654777344,True,2020-05-03 02:15:00,Adam Schiff hides important transcripts from the American people. https://davidharrisjr.com/steven/schiff-has-hidden-russia-transcripts-despite-unanimous-vote-to-release-them/ …,2621,14418,32490
53,1256935288749752321,True,2020-05-03 06:15:00,Evidence has surfaced that indicates Barack Obama was the one running the Russian hoax. https://davidharrisjr.com/steven/new-doc-releases-seem-to-point-to-obama-running-the-scam-investigation/ …,13288,37095,86896
54,1256783162878951425,True,2020-05-02 20:10:30,Roche gets FDA emergency use approval for COVID-19 antibody test https://reut.rs/2z3OO0u pic.twitter.com/eKbCjUuPU7,638,5643,17646
55,1257041820124680192,False,2020-05-03 13:18:19,"....Fake News got it wrong again, as always, and tens of thousands of lives were saved by my EARLY BAN of China into our Country. The people that we’re allowed were heavily scrutinized and tested U.S. citizens, and as such, I welcome them with open arms!",12251,23092,97329
56,1257041819097092096,False,2020-05-03 13:18:19,"Intelligence has just reported to me that I was correct, and that they did NOT bring up the CoronaVirus subject matter until late into January, just prior to my banning China from the U.S. Also, they only spoke of the Virus in a very non-threatening, or matter of fact, manner...",29841,41183,166702
57,1257009530673803268,False,2020-05-03 11:10:00,Thank you very much to our beautiful “boaters.” I will never let you down! pic.twitter.com/Ot5Ffnjj9G,17843,37685,186945
58,1256957565562486784,False,2020-05-03 07:43:31,"....And then came a Plague, a great and powerful Plague, and the World was never to be the same again! But America rose from this death and destruction, always remembering its many lost souls, and the lost souls all over the World, and became greater than ever before!",57361,49216,248955
59,1256955754428448768,False,2020-05-03 07:36:19,So nice to see this great honor. Thank you (but haven’t played golf in a long time)! https://twitter.com/TrumpTurnberry/status/1255812697150668801 …,9210,12416,60184
60,1256954349491818501,False,2020-05-03 07:30:44,Going well despite the Fake News! https://twitter.com/steventdennis/status/1255916564269891584 …,7579,14305,62052
61,1256243856166850560,True,2020-05-01 08:27:29,Concast (@NBCNews) and Fake News @CNN are going out of their way to say GREAT things about China. They are Chinese puppets who want to do business there. They use USA airwaves to help China. The Enemy of the People!,34215,45824,164361
62,1256366878873792512,True,2020-05-01 16:36:20,Don’t allow RIGGED ELECTIONS! https://twitter.com/mzhemingway/status/1256016023943331841 …,25521,38534,122737
63,1256573581657604096,True,2020-05-02 06:17:42,"96% Approval Rating in the Republican Party. Thank you! Also, just out, highest ever Approval Rating overall in the new Gallup Poll, and shows “Trump beating Sleepy Joe Biden.”",32525,37342,208984
64,1256931676099350528,False,2020-05-03 06:00:38,Some things never get old! https://twitter.com/therealshenna/status/1256930962073665536 …,9540,24048,84141
65,1256930926485024768,False,2020-05-03 05:57:40,Progress being made! https://twitter.com/kellyannepolls/status/1256271364102782976 …,2632,8339,35779
66,1256930571760087041,False,2020-05-03 05:56:15,Thank you! https://twitter.com/donaldjtrumpjr/status/1250040286274891776 …,4150,18834,54363
67,1256930134512357377,False,2020-05-03 05:54:31,Keep punching Mike! https://twitter.com/sportscenter/status/1256315074358267906 …,4408,17347,115447
68,1256929658890792960,False,2020-05-03 05:52:37,Thank you! https://twitter.com/GOPChairwoman/status/1256347173098315787 …,3571,10174,50279
69,1256928926124904448,False,2020-05-03 05:49:43,Wow! https://twitter.com/danscavino/status/1256708681137356802 …,6006,23020,82390
70,1256928204801089539,False,2020-05-03 05:46:51,"Hopefully our Country will soon mend. We are all missing our wonderful rallies, and many other things! https://twitter.com/danscavino/status/1256707615272435712 …",17886,21158,91108
71,1256921471286468609,False,2020-05-03 05:20:05,"Many complaints coming in about Maine. I love that State, won Maine 2 - Don’t make the cure worse than the problem itself. That can happen, you know! https://twitter.com/danco_1830/status/1256826161902112769 …",7274,15414,52033
72,1253828440878432256,True,2020-04-24 16:29:29,"For the #TrumpIsNotADoctor crowd...

Bill Nye is not a scientist.

Greta Thunberg is not a climate expert.

Hillary Clinton is not a President.

AOC is not an economist.

CNN is not a news network.

Joe Biden is not winning in 2020. 

...and Jeffrey Epstein didn't kill himself.",6463,37306,82970
73,1256915740432760835,False,2020-05-03 04:57:19,"The Fake News doesn’t show real polls. Lamestream Media is totally CORRUPT, the Enemy of the People! https://twitter.com/realdonaldtrump/status/1256573581657604096 …",9822,16844,65798
74,1256693593961627655,True,2020-05-02 14:14:35,"Border Wall is going up FAST. Over 172 miles already built. 450 miles by early next year, or sooner! Dems want OPEN BORDERS. I want STRONG BORDERS! https://twitter.com/usbpchief/status/1256377450273136641 …",12435,25496,98464
75,1256698677864861697,True,2020-05-02 14:34:47,Very cool. Please thank him! https://twitter.com/hopeheck/status/1256085757728403459 …,13417,42915,201343
76,1256911953903202307,False,2020-05-03 04:42:16,".@PeteHegseth  “Oh bye the way, I appreciate the message from former President Bush, but where was he during Impeachment calling for putting partisanship aside.” @foxandfriends  He was nowhere to be found in speaking up against the greatest Hoax in American history!",34026,29619,122119
77,1256788149113520129,False,2020-05-02 20:30:19,"Beautiful, thank you to our GREAT @BlueAngels and @AFThunderbirds! https://twitter.com/WhiteHouse/status/1256728939663425536 …",4484,12641,61399
78,1256721351722876933,False,2020-05-02 16:04:53,"No reason to turn it down, except politics. We have plenty of testing. Maybe you need a new Doctor over there. Crazy Nancy will use it as an excuse not to show up to work! https://twitter.com/senatemajldr/status/1237391198328745984 …",10457,15874,58869
79,1256720284540981248,False,2020-05-02 16:00:39,"The Democrats are just, as always, looking for trouble. They do nothing constructive, even in times of crisis. They don’t want to blame their cash cow, China, for the plague. China is blaming Europe. Dr. Fauci will be testifying before the Senate very soon! #DONOTHINGDEMOCRATS https://twitter.com/markknoller/status/1256682853431160832 …",9382,17119,54242
80,1256713236331794437,False,2020-05-02 15:32:38,Not much time to sleep. Thank you! https://twitter.com/devaajain/status/1256702937503395840 …,12620,18924,77619
81,1256711660787695616,False,2020-05-02 15:26:23,"So true, although Honest Abe wasn’t bad. Thank you! https://twitter.com/davidkyalom/status/1256703036388454403 …",11046,21751,101993
82,1256702883199881216,False,2020-05-02 14:51:30,"She was thrown off The View like a dog, Zero T.V. Personas. Now Wallace is a 3rd rate lapdog for Fake News MSDNC (Concast). Doesn’t have what it takes! https://twitter.com/marklevinshow/status/1256553266378428416 …",27489,15419,57910
83,1256645770125750275,True,2020-05-02 11:04:33,Mueller did it. https://twitter.com/KimStrassel/status/1256044466219048960 …,1778,12757,37808
84,1256632172846481410,True,2020-05-02 10:10:31,"SUNDAY! @RepMattGaetz, @LisaMarieBoothe, and @SaraCarterDC return to #NextRevFNC! Tune in at 9pm ET on @FoxNews! pic.twitter.com/vGYq0wJGPx",885,4494,15994
85,1256689925535170560,True,2020-05-02 14:00:01,TOMORROW! @LisaMarieBoothe returns to #NextRevFNC! Tune in at 9pm ET on @FoxNews! pic.twitter.com/XkOoTfmZ1F,523,3695,14792
86,1256698677864861697,False,2020-05-02 14:34:47,Very cool. Please thank him! https://twitter.com/hopeheck/status/1256085757728403459 …,13417,42915,201343
87,1256364526741729288,True,2020-05-01 16:26:59,"Tomorrow I’ll be joined by @SebGorka, @STEPHMHAMILL and other distinguished guests to discuss the 2020 Presidential Election. 

Tune into WJLA 24/7 tomorrow from 10:30-11:30 AM EST for another edition of The Armstrong Williams Show. #AWS #Election2020 #Trump #Biden @ABC7News pic.twitter.com/TTldPAD5RL",388,3383,11419
88,1256371646891298817,True,2020-05-01 16:55:17,They didn’t ... https://twitter.com/LisaMarieBoothe/status/1256371073400086529 …,1176,6752,25567
89,1256350354821840897,True,2020-05-01 15:30:41,"What changed, @SpeakerPelosi?

pic.twitter.com/y5wZxVdWlh",3187,14813,35345
90,1255957642511634432,True,2020-04-30 13:30:11,"Should we ""get him to lie"" or ""get him fired?""

Latest FBI memo on @GenFlynn exposes a portrait of NeverTrump actors wielding horrific agendas.

@KellyannePolls: ""Every American should feel a chill"" at the FBI's framing of Gen. Flynn.

@jennfranconews @OANN pic.twitter.com/jWOljYVhwZ",1407,9839,24387
91,1255974348478963719,True,2020-04-30 14:36:34,"The Trump Admin is making sure senior citizens are safe & have access to the resources they need during coronavirus. In addition to what we we have already sent, @fema is sending additional shipments of PPE to all 15,400 Medicaid & Medicare-certified nursing homes in America.",1126,5306,19762
92,1256696015702425601,False,2020-05-02 14:24:13,"I, for one, am glad to see he is back, and well! https://twitter.com/LokmanKaradag1/status/1256366581371682816 …",26387,25597,123047
93,1256693593961627655,False,2020-05-02 14:14:35,"Border Wall is going up FAST. Over 172 miles already built. 450 miles by early next year, or sooner! Dems want OPEN BORDERS. I want STRONG BORDERS! https://twitter.com/usbpchief/status/1256377450273136641 …",12435,25496,98464
94,1255587981957591041,True,2020-04-29 13:01:17,"In this edition of One America News Investigates, Neil W. McCabe presents an in-depth report on corruption by former Vice President Joe Biden and his family. 

Tune in Sunday, May 3rd at 10:30 p.m. EST / 7:30 p.m. PST -- only on #OANN! pic.twitter.com/NPh4WwkIuz",878,7249,18132
95,1256691828516151296,False,2020-05-02 14:07:34,"The Impeachment Hoax will be exposed. Crazy Nancy gets Nothing Done, that’s why she got thrown out as Speaker the first time. Also, she should come back to Washington now! https://twitter.com/oann/status/1255547821970747392 …",6164,16597,53268
96,1256687254703157252,False,2020-05-02 13:49:24,"I hate to be promoting AT&T, but @OANN is Great News, not Fake News. Everybody should be carrying them! https://twitter.com/oann/status/1242492021320716289 …",7182,17293,60145
97,1256683935444226048,False,2020-05-02 13:36:12,That’s right Jack. Keep up the good work! https://twitter.com/JackPosobiec/status/1256672360041787392 …,2597,9701,43117
98,1256614410539286528,True,2020-05-02 08:59:56,BLUE ANGELS DC https://www.pscp.tv/w/cXw-_DF4ZUtXeEdWcnJhalB8MVlxS0RFRXB3WXpHVhvUxPSe7CyuAhGQQTQqC3fxk9cq5PyVvahp_sTGVMMS …,927,5025,17907
99,1256676153630363649,False,2020-05-02 13:05:17,pic.twitter.com/viZkbzM7Sp,26680,45972,149634
100,1256660426353451014,True,2020-05-02 12:02:47,pic.twitter.com/EZhD1ztgQG,1321,7281,22176
101,1256630090328346624,False,2020-05-02 10:02:15,Thank you Michael. You also! https://twitter.com/MichaelRCaputo/status/1256243220410925056 …,7104,14136,54024
102,1256063213998952451,True,2020-04-30 20:29:41,"The FBI found ""no derogatory information"" about @GenFlynn. But they decided to crush him anyway.

""There is nothing worse than this. It's how the secret police operate in third world dictatorships and it's exactly how Peter Strzok operated. And then he lied about it extensively."" pic.twitter.com/a2W9wP15Zk",2361,13147,32253
103,1256628709496369152,False,2020-05-02 09:56:46,The Russia Hoax is the biggest political scandal in American history. Treason!!! Lets see how it ends???? https://twitter.com/KimStrassel/status/1256044466219048960 …,19422,36158,106514
104,1256283376949977088,True,2020-05-01 11:04:32,Join me for a quick laugh about the funniest Trump kill shot on Biden. Ever. https://www.pscp.tv/w/cXsKsDExODgwMjU5fDFPd3hXUVFvTkFRR1HKMKxcd1xjx-SEaFvnpDTP6Pkh7RYmE4pHhrEqZ9R7Zg== …,1327,4848,14449
105,1256281885858123781,True,2020-05-01 10:58:36,This kill shot is so perfectly executed it is painful to watch . . . and still funny. https://twitter.com/markknoller/status/1256269586221146112 …,616,3998,14197
106,1256372570477060096,True,2020-05-01 16:58:57,Poll for Democrats only. Are you aware that most of the political news you consume is either misleading and out of context or completely fake?,2447,3660,9885
107,1256562268935909381,True,2020-05-02 05:32:45,Greg Gutfeld on Biden response to Tara Reade claims: He 'was doing great in that interview until he confessed' https://fxn.ws/2VSDcGK  #FoxNews,1156,6303,18488
108,1253885351338430470,True,2020-04-24 20:15:38,"It's an absolute disgrace what they've done to @GenFlynn and his family.

This is one of the most highly respected men in America who was used and dragged through the mud by corrupt lawyers to get dirt and prop up a Hoax. 

General Flynn should be fully exonerated.",2257,6616,21069
109,1256585459087671299,True,2020-05-02 07:04:54,"Why does MSM ignore this???

Why do people ignore that he doesn't care about the #American worker?? pic.twitter.com/TBzyCqeKyP",1975,8898,20335
110,1256573918455963648,True,2020-05-02 06:19:02,Sleepy Joe fell asleep during his last town hall! https://twitter.com/thejtlewis/status/1255219826605334528?s=21 …,1806,6571,20293
111,1256589520608378881,False,2020-05-02 07:21:02,Thank you! https://twitter.com/iarvindkushwaha/status/1255927999947509760 …,12093,18124,106543
112,1256574041743339520,True,2020-05-02 06:19:32,"At this rate, if you don't support Trump and you're a Republican you've gone entirely mad.",3017,7218,33858
113,1256575624807776262,True,2020-05-02 06:25:49,"All of the Democrats stick together, that's a lesson that the Republican party needs to learn, support your president you RINOs!",1014,4816,17748
114,1256574533214978050,True,2020-05-02 06:21:29,"As far as I am concerned, it should be a 100% approval from all of the Republican party, whats wrong with the 4%?",2388,5043,24815
115,1256573581657604096,False,2020-05-02 06:17:42,"96% Approval Rating in the Republican Party. Thank you! Also, just out, highest ever Approval Rating overall in the new Gallup Poll, and shows “Trump beating Sleepy Joe Biden.”",32525,37342,208984
116,1256570859935932416,False,2020-05-02 06:06:53,"There is tremendous CoronaVirus testing capacity in Washington for the Senators returning to Capital Hill on Monday. Likewise the House, which should return but isn’t because of Crazy Nancy P. The 5 minute Abbott Test will be used. Please inform Dr. Brian P. Monahan. @MarkMeadows",10718,19673,76096
117,1256428766110404608,False,2020-05-01 20:42:15,https://bongino.com/ep-1241-interview-with-president-trump …,5839,13471,51516
118,1254888803334004737,True,2020-04-27 14:43:00,"Stunning Silence: @KimStrassel says when it comes to sexual assault allegations against Joe Biden, it’s as if the “Me Too” movement disappeared overnight. #AmericaFirst #MAGA #Dobbs pic.twitter.com/0yQ6Mugh2z",6221,14173,37203
119,1256044466219048960,True,2020-04-30 19:15:11,"The FBI knew Michael Flynn wasn’t colluding with Russia, so it plotted to ‘get him to lie.’ New documents reveal that, by the end, the Bureau just wanted a scalp, writes @KimStrassel https://www.wsj.com/articles/the-fbis-flynn-outrage-11588288438 … via @WSJ",4887,19519,50305
120,1255125942026076160,True,2020-04-28 06:25:18,The CCP’s Military-Civil Fusion strategy blurs the distinction between Chinese military & civilian end-users. I commend the Administration for tightening U.S. export-control regs to prevent American technology from being diverted to the Chinese military. https://www.federalregister.gov/agencies/industry-and-security-bureau …,1674,8349,25837
121,1255321043947880449,True,2020-04-28 19:20:34,"Tremendous work by @FreeBeacon 

While the rest of the media was credulous and lazy about this case, it dug in with real reporting 

Police Investigating Death of Arizona Man From Chloroquine Phosphate https://freebeacon.com/coronavirus/police-investigating-death-of-arizona-man-from-chloroquine-phosphate/ …",1255,6271,18173
122,1255867427008712706,True,2020-04-30 07:31:42,Something seems rotten in Flynn's case — my column@thehill @TheHillOpinion ... https://thehill.com/opinion/judiciary/495366-something-seems-rotten-in-flynns-case-and-maybe-others-too#.XqrhHBStNpw.twitter …,2410,9181,30362
123,1256024163363573768,True,2020-04-30 17:54:31,.@BarackObama is Ultimately Responsible for @FBI’s Dirty Investigation into @GenFlynn https://www.bucksexton.com/content/2020-04-30-obama-is-ultimately-responsible-for-fbis-dirty-investigation-into-flynn/ …,3471,19231,49630
124,1256024228777857025,False,2020-04-30 17:54:46,“The only thing we got wrong is that it was even worse (the corruption) than we thought.” @Jim_Jordan  DIRTY COPS!,16518,38329,157229
125,1255888794206822400,True,2020-04-30 08:56:36,"New DOJ/Flynn docs are stamped w SCO as in Special Counsels Office
 
Did Mueller have these docs? Why did his team sit on them? What else is Mueller team that cost taxpayers $30+ million hiding? The ppl deserve answers 2restore faith in federal law enforcement agencies",4746,21569,54665
126,1256016249169084417,False,2020-04-30 17:23:04,"Vote @MikeGarcia2020 by May 12th! His opponent @ChristyforCA25 voted to fire teachers, and cut their salaries while bumping up her pay. Now she’s mocking our Great Vets! We need Navy Fighter Pilot Mike Garcia in #CA25! https://secure.winred.com/mikegarcia/donate …",3792,11259,35115
127,1256013240896835585,False,2020-04-30 17:11:06,"....He is Strong on Crime, the Border, and Second Amendment. Tom has deep roots in Wisconsin, is a big Tax Cutter, and will help me DRAIN THE SWAMP! Tom has my Complete and Total Endorsement. Vote for Tom Tiffany! https://secure.winred.com/tiffany-for-wisconsin/donate …",2233,8553,33541
128,1256013239487549441,False,2020-04-30 17:11:06,"Tom Tiffany (@TomTiffanyWI) is a Great Advocate for the incredible people of Wisconsin (WI07). We need Tom in Congress to help us Make America Great Again! He will Fight for Small Business, supports our Incredible Farmers, Loves our Military and our Vets....",3495,13656,56373
129,1255956680048734209,True,2020-04-30 13:26:21,LIVE: POTUS Delivers Remarks on Protecting America's Seniors https://www.pscp.tv/w/cXnabTFxTFFHVnJ5UkFKRUp8MWVhS2JRUU1WZWF4WCzWbMO7t-8ZjYQsNFawfSpedadkGza4VW7nqJbCvb1M …,5152,8561,27448
130,1255926261068763143,False,2020-04-30 11:25:29,"Over 120 MILLION Economic Impact Payments have already gone out to hardworking Americans! If you haven’t yet received your payment, go to http://IRS.gov  and click on “GET MY PAYMENT” to receive your money FAST!",12945,16983,65298
131,1255893599969034243,True,2020-04-30 09:15:42,"President @realDonaldTrump just met with @GovMurphy on Coronavirus testing, financial assistance, and planning a great comeback for New Jersey.

“I thank you for the enormous help in our darkest hour of need,"" Gov. Murphy said. pic.twitter.com/1VS4n0MOJJ",4103,8684,31200
132,1255896748075225091,True,2020-04-30 09:28:12,"President @realDonaldTrump: ""We're working very hard with New Jersey."" pic.twitter.com/WaNq2RodQr",1869,6259,27508
133,1255840895087390720,True,2020-04-30 05:46:16,"We already knew that James Comey's FBI was out to get General Flynn and President Trump. 

But it was worse than we thought.

Comey's failures were part of a larger pattern of misconduct and politicization at the FBI. 

Durham is coming. pic.twitter.com/gLfW2n7zVI",6696,18286,45528
134,1255861756741726208,False,2020-04-30 07:09:10,"We can’t let the Fake News, and their partner, the Radical Left, Do Nothing Democrats, get away with stealing the Election. They tried that in 2016. How did that work out?",45372,45234,206765
135,1255630307371425792,True,2020-04-29 15:49:28,"Just announced: over $33 million in funding from the HHS has been released to #NY21 hospitals. I will continue to work to deliver funding and results for our hospitals, healthcare workers, and county health departments as we combat #COVID19. Details https://stefanik.house.gov/media-center/press-releases/stefanik-announces-over-33-million-hhs-funding-ny-21-hospitals …",1561,5828,20422
136,1255576438394294274,True,2020-04-29 12:15:25,Speaker Pelosi still refuses to consider any plan to allow the House to operate or function remotely. Sidelining and paralyzing the People's House at a moment of national crisis is unacceptable. It's time for the House to do its job.,6598,21095,61734
137,1255624797062672386,True,2020-04-29 15:27:34,Safeguarding our nation’s food supply is a critical component necessary to defeat the spread of coronavirus. I support the President’s use of the Defense Production Act to ensure American families have a reliable supply of food to put on their tables. https://bit.ly/2SgI2uX ,2875,8736,26804
138,1255654651623596032,True,2020-04-29 17:26:12,"The Flynn documents are out. One line is as significant as it is shocking. Indeed, for those who have long seen a concerted effort to target the Trump Administration, the record fragment will read like a deep sea scroll of a deep state conspiracy.",3207,20014,57183
139,1255674154180886533,True,2020-04-29 18:43:42,What did FBI Director Christopher Wray know and when? And why has he been covering for these scum bags? https://www.foxnews.com/politics/michael-flynn-fbi-handwritten-notes-get-him-lie-fired …,3241,15617,44659
140,1255645641105182722,True,2020-04-29 16:50:24,pic.twitter.com/Q833u4Is8h,27043,67430,227614
141,1255661296047067138,False,2020-04-29 17:52:36,"Happy Birthday to three time Olympian and five term Congressman, @JimRyun!",1943,7775,49023
142,1255657225659523072,False,2020-04-29 17:36:26,https://www.foxnews.com/politics/michael-flynn-fbi-handwritten-notes-get-him-lie-fired …,8112,27565,83146
143,1255656645759246341,False,2020-04-29 17:34:07,https://thefederalist.com/2020/04/29/explosive-new-flynn-documents-show-fbi-goal-was-to-get-him-fired/ …,6982,29417,82725
144,1255592338908344320,True,2020-04-29 13:18:36,LIVE: POTUS holds a roundtable with industry executives https://www.pscp.tv/w/cXiHHDFxTFFHVnJ5UkFKRUp8MXlwS2RRUVZRbllHV93XEHZDon7K6WzqNXDDKcr947o6xfAUxIz7gWMeR3pV …,5336,8466,27243
145,1255558327351889930,True,2020-04-29 11:03:27,Our nation has ample supply of food—and President @realDonaldTrump is clearing the bottleneck and ensuring that our farmers and ranchers can sell their products. pic.twitter.com/SVR3BGBfBq,4822,12478,45270
146,1255572818898628608,True,2020-04-29 12:01:02,"Brighter days are ahead for Louisiana and by working together with our federal officials, I know we will get through this. #lagov #lalege https://twitter.com/whitehouse/status/1255571506115022854 …",1136,5369,20150
147,1255550380630573060,True,2020-04-29 10:31:52,"I again want to thank @realDonaldTrump and @VP for supporting the people of Louisiana during this difficult time. We had a great conversation today, and I look forward to continuing to work with our federal partners as we move toward Phase One. #lagov #COVID19",1376,6695,28325
148,1255322943380434950,True,2020-04-28 19:28:07,"""We are grateful to @realDonaldTrump for protecting our nation’s food supply,"" said @MeatInstitute Pres. & CEO Julie Anna Potts. ""The safety of the heroic men & women working in the meat & poultry industry is the 1st priority. And as it is assured, facilities should re-open.",2164,7360,25018
149,1255510996623527936,False,2020-04-29 07:55:22,"No, I think Amash would make a wonderful candidate, especially since he is way behind in his district and has no chance of maintaining his Congressional seat. He almost always votes for the Do Nothing Dems anyway. I like him even more than Jill Stein! https://twitter.com/TheRickWilson/status/1255485246054809608 …",9591,14968,61886
150,1255507868280856581,False,2020-04-29 07:42:56,THANK YOU @MarkLevinShow! pic.twitter.com/GJSNM0LUQH,7175,22444,70109
151,1255213957431857152,True,2020-04-28 12:15:02,Yahoo reporter apologizes to President Trump after making false coronavirus test claim in Oval Office meeting https://www.foxnews.com/media/yahoo-reporter-apologizes-trump-false-coronaviryus-claim …,3482,10388,31650
152,1255484391364665351,False,2020-04-29 06:09:39,At least they admit it. The Failing @nytimes & @washingtonpost never correct their Fake Reporting! https://twitter.com/maxwelltani/status/1255161727706116096 …,9248,22941,74079
153,1255285675529842688,True,2020-04-28 17:00:01," TUNE IN NOW 

Tonight’s @TeamTrump Online! has two of the best —> @LaraLeaTrump & @kevinomccarthy talking about Sleepy Joe’s failures vs @realDonaldTrump’s leadership https://www.pscp.tv/w/cXdoVzk2OTMxfDF5cEtkUUJwcEVwR1cIGS7nFwoK3bjXCUkY8U7KgS5oYMtJVNuH2P5Bz1kiAg==?t=4m48s …",1634,4407,16018
154,1255284246794711040,True,2020-04-28 16:54:21,"WATCH: Team Trump Online with @LaraLeaTrump and House GOP Leader @KevinMcCarthy! #TeamTrump

Text TRUMP to 88022 https://twitter.com/i/broadcasts/1ypKdQBppEpGW …",1008,4298,15364
155,1255224917257326592,True,2020-04-28 12:58:35,"Tisa Clark, CEO Of J.D. Clark Professional Services, credits the #PaycheckProtectionProgram for allowing her to keep her workers employed! pic.twitter.com/IgAcwJlSfk",730,4797,17630
156,1255288980070969345,True,2020-04-28 17:13:09,"As Trump campaign senior advisor @mercedesschlapp said today, Joe Biden's plan to ease sanctions on the Cuban and Venezuelan dictatorships is a total DISASTER straight out of Bernie Sanders' socialist playbook! pic.twitter.com/0SSsx3XYAB",1040,6911,19671
157,1255324093819367427,True,2020-04-28 19:32:41,Joe Biden rambles and struggles for words during interview on coronavirus response https://www.dailymail.co.uk/news/article-8234597/Joe-Biden-rambles-struggles-words-interview-coronavirus-response.html?ITO=applenews …,2749,6265,19207
158,1255213949336924167,True,2020-04-28 12:15:00,Joe Biden’s town hall with Hillary Clinton got off to a fantastic start pic.twitter.com/lZieZVJVbL,2195,5039,17251
159,1255327982723440643,True,2020-04-28 19:48:08,"A reporter angrily insisted he was right about coronavirus testing data. In fact, he was wrong, and President Trump was right.

He later apologized to the President – something more reporters should learn to do when they spread fake news! pic.twitter.com/9ydgyyiplg",1642,8518,26309
160,1255325711960768514,False,2020-04-28 19:39:07,THANK YOU MICHAEL! @bittyandbeaus pic.twitter.com/KVXVcdO79E,4246,17474,79101
161,1255319959401574400,True,2020-04-28 19:16:15,"We built the greatest economy in the world—and together, we will build it again! pic.twitter.com/57gxhVH2k2",6754,14072,59492
162,1255199383609643009,True,2020-04-28 11:17:08,"Thank you, President @realDonaldTrump, for your steadfast, unapologetic support of law enforcement during #COVID19. From DAY ONE, you & your team (@WhiteHouse @TheJusticeDept @DHSgov @USDOL @NIH) have listened to our needs and have done your damndest to get us what we need! pic.twitter.com/2m4GgXFjPX",2841,8862,30496
163,1255231394923646976,False,2020-04-28 13:24:20,pic.twitter.com/shcVSYZmuY https://twitter.com/realDonaldTrump/status/1255145720136359945 …,8650,21120,89546
164,1255228926428942339,False,2020-04-28 13:14:31,pic.twitter.com/9YNWvhqCk7,7535,13412,62574
165,1255214363633303552,True,2020-04-28 12:16:39,LIVE: POTUS delivers remarks on supporting small businesses https://www.pscp.tv/w/cXcnFzFxTFFHVnJ5UkFKRUp8MWt2S3BYUk9lUk9LRZluF1k_TEaCtwvjkD56I88K1NuR9SNBKDuYmJB0kBrG …,3300,8037,28033
166,1255145720136359945,False,2020-04-28 07:43:53,Thank you @BlueAngels and @AFThunderbirds! #AmericaStrong https://twitter.com/BlueAngels/status/1255144203849326594 … pic.twitter.com/bq0VOKYsmd,8623,12846,50484
167,1254769777706323972,True,2020-04-27 06:50:02,"BREAKING: Emails show Obama FBI was out to get @GenFlynn and also knew McCain leaked anti-@realDonaldTrump dossier; @JudicialWatch
court victory for cleaner elections as Left sets up the steal for 2020 and beyond; #ConstitutionoverCoronavirus. Big Update: https://youtube.com/watch?v=O_x31t-Sqjs … pic.twitter.com/qftFpulBld",5486,17458,39819
168,1255108325991219200,True,2020-04-28 05:15:18,A fifth to half of all coronavirus deaths have been in nursing homes: https://justthenews.com/politics-policy/coronavirus/ground-zero-fifth-half-all-coronavirus-deaths-have-been-nursing-homes …,3324,10733,24381
169,1254385856535769088,True,2020-04-26 05:24:28,Newly Declassified Documents Show John Kerry’s State Department Spread Russia Collusion Narrative https://gjarr.it/2zoqaYz ,4504,23390,47205
170,1255116969755447299,True,2020-04-28 05:49:39,Newly Revealed Docs Support Flynn’s Innocence: Case Against Him Should Be Tossed https://gjarr.it/3bOUBWs ,2876,15445,43189
171,1255133977360265218,False,2020-04-28 06:57:14,"But I love Diamond & Silk, and so do millions of people! https://twitter.com/diamondandsilk/status/1254951865831370753 …",12825,25273,112795
172,1255126812625174528,True,2020-04-28 06:28:45,"45 days ago, business leaders joined President @realDonaldTrump in the Rose Garden to help launch a new, critical partnership with the private sector: accelerating our ability to test for the Coronavirus.

Since then, we've made dramatic progress. pic.twitter.com/ASa4HNwgLc",3645,8162,31855
173,1255130302655148033,False,2020-04-28 06:42:38,Texas to open businesses in phases beginning Friday. Great job being done by @GregAbbott_TX,9493,26230,148207
174,1255129366234890240,False,2020-04-28 06:38:54,Many States moving to SAFELY & QUICKLY reopen!,21029,32979,214884
175,1255105998471249923,False,2020-04-28 05:06:03,"We are doing far more, and better, Testing than any other country in the world, and yet the media does nothing but complain. No matter how good a job is done, the same as with the Ventilators, they will never say we are doing a great job, they will only viciously gripe!",57304,38657,220653
176,1254856881409056769,True,2020-04-27 12:36:09,"First, there is no shortage of meat destined for the grocery store shelf. 

It might take stores longer than usual to restock certain products, due to supply chain disruptions. But we have many millions of pounds of meat in cold storage across the nation. 4/",1320,7016,20662
177,1254908072067313670,True,2020-04-27 15:59:34,pic.twitter.com/12Lv2yr07h,14782,18045,81546
178,1254904177852997632,True,2020-04-27 15:44:05,"Attorney General Barr’s Memo to U.S. Attorneys: 

“The Constitution is not suspended in times of crisis.” 

The Attorney General is right. We can’t forget freedom during the #coronavirus crisis. pic.twitter.com/KMKbtroziZ",5621,21992,54746
179,1254967193420402696,False,2020-04-27 19:54:29,Because Shifty is a crooked politician! https://twitter.com/Jim_Jordan/status/1254774339527835650 …,14851,29812,114634
180,1254769296280031232,True,2020-04-27 06:48:07,"FAKE NEWS, THE ENEMY OF THE PEOPLE!",73412,81179,402286
181,1254767509460234243,True,2020-04-27 06:41:01,"There has never been, in the history of our Country, a more vicious or hostile Lamestream Media than there is right now, even in the midst of a National Emergency, the Invisible Enemy!",43003,47590,217360
182,1254747293414305792,True,2020-04-27 05:20:41,"Blame the Democrats for any “lateness” in your Enhanced Unemployment Insurance. I wanted the money to be paid directly, they insisted it be paid by states for distribution. I told them this would happen, especially with many states which have old computers.",35889,43757,177546
183,1254586604360011776,True,2020-04-26 18:42:10,So true! https://twitter.com/realDonaldTrump/status/1254172638307586049 …,26833,27190,136283
184,1254904154977337345,True,2020-04-27 15:44:00,"President @realDonaldTrump's plan for Opening Up America Again outlined a three-phased approach based on the advice of public health experts.

Today, we're laying out the blueprint for testing and rapid response programs called for in the plan.

http://45.wh.gov/Af4JT7 ",4425,7116,28747
185,1254908072067313670,False,2020-04-27 15:59:34,pic.twitter.com/12Lv2yr07h,14782,18045,81546
186,1254899426008666122,True,2020-04-27 15:25:12,"""We're doing everything in our power to heal the sick and to gradually reopen our Nation."" pic.twitter.com/xEapbkT6hd",3794,7921,36249
187,1254896129315082245,True,2020-04-27 15:12:06,"As one American family, we grieve with those who have suffered the loss of loved ones. pic.twitter.com/qhoX0OP0Ol",3162,6947,31979
188,1254887576403456000,True,2020-04-27 14:38:07,LIVE: President @realDonaldTrump holds a news conference https://www.pscp.tv/w/cXX2vzFxTFFHVnJ5UkFKRUp8MURYeHllcGF2UmR4TXQTW_35-q-xk8i9w6jNGF6IkAYIs3w2tTkzjHV8sU1S …,6233,7002,24930
189,1254877727804600321,False,2020-04-27 13:58:59,I will be having a White House Press Conference today at 5:30 P.M. Thank you!,21822,16133,127673
190,1254782650679615492,False,2020-04-27 07:41:11,"Why should the people and taxpayers of America be bailing out poorly run states (like Illinois, as example) and cities, in all cases Democrat run and managed, when most of the other states are not looking for bailout help? I am open to discussing anything, but just asking?",77863,47075,219128
191,1254769296280031232,False,2020-04-27 06:48:07,"FAKE NEWS, THE ENEMY OF THE PEOPLE!",73412,81179,402286
192,1254767509460234243,False,2020-04-27 06:41:01,"There has never been, in the history of our Country, a more vicious or hostile Lamestream Media than there is right now, even in the midst of a National Emergency, the Invisible Enemy!",43003,47590,217360
193,1254747293414305792,False,2020-04-27 05:20:41,"Blame the Democrats for any “lateness” in your Enhanced Unemployment Insurance. I wanted the money to be paid directly, they insisted it be paid by states for distribution. I told them this would happen, especially with many states which have old computers.",35889,43757,177546
194,1254586604360011776,False,2020-04-26 18:42:10,So true! https://twitter.com/realDonaldTrump/status/1254172638307586049 …,26833,27190,136283
195,1254174221481246721,True,2020-04-25 15:23:30,"I never said the pandemic was a Hoax! Who would say such a thing? I said that the Do Nothing Democrats, together with their Mainstream Media partners, are the Hoax. They have been called out & embarrassed on this, even admitting they were wrong, but continue to spread the lie!",94578,58221,281384
196,1254475682723307520,True,2020-04-26 11:21:24,"The people that know me and know the history of our Country say that I am  the hardest working President in history. I don’t know about that, but I am a hard worker and have probably gotten more done in the first 3 1/2 years than any President in history. The Fake News hates it!",85345,51720,289532
197,1254551597465518082,True,2020-04-26 16:23:03,Sloppy Joe is trending. I wonder if it's because of this. You can tell it's a deep fake because Jill Biden isn't covering for him. pic.twitter.com/LMzx7fpMaP,11212,14136,38549
198,1254407439748866055,True,2020-04-26 06:50:14,"Article should have read: Trump as businessman had a passive, non-controlling/managing interest in an office building which had financing from Bank of China for less than 22 days (in 2012). Biden, meanwhile as VP flew his son on AF2 to China to secure 1.5Bil for his fund in 2013 https://twitter.com/EricTrump/status/1254403028163141638 …",7339,21193,57559
199,1254427530464858115,True,2020-04-26 08:10:04,Devin Nunes-“Why is General Flynn Important? Because He Was Framed By His Own Government!!” #HumanScum @DevinNunes @GenFlynn  @realDonaldTrump @SidneyPowell1 @KerriKupecDOJ @JosephJFlynn1 @TomFitton https://twitter.com/Acyn/status/1254422240482877440 …,3066,23127,51679
200,1254215201911644163,False,2020-04-25 18:06:20,Had a great call with Catholic Leaders and Educators earlier today. I will be online tomorrow at 10:15 A.M. (Eastern) for Sunday Mass celebrated by @CardinalDolan at St. Patrick’s Cathedral (@StPatsNYC) in New York City. Join me: https://saintpatrickscathedral.org/live pic.twitter.com/iQy5iH5Lk6,14178,17358,82648
201,1254174221481246721,False,2020-04-25 15:23:30,"I never said the pandemic was a Hoax! Who would say such a thing? I said that the Do Nothing Democrats, together with their Mainstream Media partners, are the Hoax. They have been called out & embarrassed on this, even admitting they were wrong, but continue to spread the lie!",94578,58221,281384
202,1254172638307586049,False,2020-04-25 15:17:13,"Remember, the Cure can’t be worse than the problem itself. Be careful, be safe, use common sense!",53639,60164,334485
203,1254168730898173953,False,2020-04-25 15:01:41,"What is the purpose of having White House News Conferences when the Lamestream Media asks nothing but hostile questions, & then refuses to report the truth or facts accurately. They get record ratings, & the American people get nothing but Fake News. Not worth the time & effort!",97892,53468,244287
204,1254145835450933249,False,2020-04-25 13:30:42,"Was just informed that the Fake News from the Thursday White House Press Conference had me speaking & asking questions of Dr. Deborah Birx. Wrong, I was speaking to our Laboratory expert, not Deborah, about sunlight etc. & the CoronaVirus. The Lamestream Media is corrupt & sick!",71959,42120,193347
205,1254077550541844480,False,2020-04-25 08:59:22,"If the Wall Street Journal “Editorial” writers had called, as they should have, they would have easily found that I was “NOT happy with the Georgia Governor on Tuesday night.” You said the opposite, and got it wrong as you often do!",17656,23291,112024
206,1254064154954076163,False,2020-04-25 08:06:08,"The Do Nothing Democrats are spending much of their money on Fake Ads. I never said that the CoronaVirus is a “Hoax”, I said that the Democrats, and the way they lied about it, are a Hoax. Also, it did start with “one person from China”, and then grew, & will be a “Miracle” end!",38076,34058,143455
207,1254061979607711745,False,2020-04-25 07:57:29,"We have now Tested more than 5 Million People. That is more than any other country in the World, and even more than  all major countries combined!",34672,28734,166831
208,1254060573655998466,False,2020-04-25 07:51:54,"It is a wonderful feeling to know that our States are loaded up with Ventilators, many brand new and high quality just off of our production lines, and that we are now in a position to help other countries that so desperately need them. Every person needing a Ventilator got one!",16049,23366,125929
209,1254050117767880706,False,2020-04-25 07:10:21,"Just spoke to Prime Minister Abiy Ahmed Ali of Ethiopia. His Country needs Ventilators, and the U.S. is in good position to help him. We will!",15203,27413,183471
210,1252632573798473731,True,2020-04-21 09:17:33,"States, tribal, local, & territorial officials: Resources are available to help quickly identify new #COVID19 cases, break chains of transmission, and protect first responders and healthcare workers from infection. https://bit.ly/2RLY9k9 pic.twitter.com/0JOUfi9908",1142,4155,15031
211,1252993080174796800,True,2020-04-22 09:10:04,Tribal leaders: You can help safeguard your communities from #COVID19 during funerals and burials. Actions like social distancing can help stop the spread of coronavirus. Learn more guidance for funerals and burials for tribal communities: https://bit.ly/2VHY1TK . pic.twitter.com/tU7hBtHvQl,565,3377,12535
212,1253085285161803777,True,2020-04-22 15:16:27,"New COVID-NET data reported more than 6,000 #COVID19 hospitalizations. Of these, almost 2,000 had race/ethnicity info. When compared to residents in COVID-NET counties, Non-Hispanic black people were disproportionately affected by COVID-19 hospitalizations https://bit.ly/3aACOAU pic.twitter.com/cei7elmBM7",553,3382,11441
213,1253341609443250176,True,2020-04-23 08:15:00,Adults age 65+ and those with underlying health conditions are at higher risk for severe illness from #COVID19. Learn more in this video with CDC’s Dr. Georgina Peacock: pic.twitter.com/8ctdhpyEEH,539,3764,12011
214,1253374836317044736,True,2020-04-23 10:27:02,Looking for #CDC #COVID19 resources for sharing on social media? CDC’s social media toolkit provides free sample messages and graphics for use here: https://bit.ly/2Xom9gY pic.twitter.com/wCF6gRRrWD,263,2769,9985
215,1252996460431507457,True,2020-04-22 09:23:30,"As @Surgeon_General explains, telemedicine doesn't just help providers deliver care during the #COVID19 outbreak – it can also help save lives: https://go.usa.gov/xvRFk pic.twitter.com/g3EU4lap8Q",644,3979,14019
216,1253008335835557889,True,2020-04-22 10:10:41,"Plasma is the liquid part of blood. Ppl who have recovered from #COVID19 may have antibodies (proteins the immune system makes after infection) in their plasma. If you’ve recovered from COVID-19, consider donating plasma to help others #DonateCOVIDPlasma https://bit.ly/3cF4Pss pic.twitter.com/qFMD04VX8e",479,4967,14037
217,1253422154256756738,True,2020-04-23 13:35:03,"We’re still learning about how #COVID19 affects animals, but it appears that people can spread the virus to animals in some situations. Until we know more, limit contact with pets if you are sick or feeling sick. For more info, see: https://bit.ly/2QPkZ9R . pic.twitter.com/uGEbo1su2O",582,4423,12133
218,1253005873934487554,True,2020-04-22 10:00:54,ICYMI: Last week @VP announced that the administration is encouraging patients who have fully recovered from #COVID-19 to visit @US_FDA's website to find out how they can #DonateCOVIDPlasma. Donating is one more important way that Americans help. https://www.fda.gov/emergency-preparedness-and-response/coronavirus-disease-2019-covid-19/donate-covid-19-plasma …,354,3501,11947
219,1253468948068290560,True,2020-04-23 16:41:00,"The latest #COVIDView report shows that adults 65 and older are experiencing the highest rates of #COVID19-associated hospitalizations, followed by adults age 50 – 64 years. Additional data are reported on race/ethnicity by age this week. Learn more: https://bit.ly/2yBOcPu pic.twitter.com/EauWxcTjKa",322,3092,9842
220,1253467642431705091,False,2020-04-23 16:35:48,"Congressman @SteveStivers is doing a terrific job for the People of Ohio! He defends our Borders, Supports our Veterans, Strong on Crime, and the Second Amendment. Steve has my Complete and Total Endorsement! https://secure.winred.com/stivers-for-congress/donate …",2975,7865,30141
221,1253467417482801154,False,2020-04-23 16:34:55,"Congressman Bill Posey is a tremendous fighter for the Great State of Florida. He is a big supporter of our #MAGA Agenda – Strong on Crime, the Second Amendment, and Loves our Veterans and Law Enforcement. Bill has my Complete and Total Endorsement!",4131,14738,67855
222,1253466787829735425,False,2020-04-23 16:32:25,"Congressman @MikeTurnerOH is a strong supporter and fighter for the People of Ohio! He will help us #MAGA! He’s Strong on the Border, Tough on Crime, will Protect our Vets, and our GREAT Second Amendment. Mike has my Complete and Total Endorsement! https://secure.winred.com/turner/donate ",1999,7325,27192
223,1253465846376280066,False,2020-04-23 16:28:40,"Congressman @Troy_Balderson is doing a GREAT job for the People of Ohio! He will always Protect your #2A, Defend our Borders, and Support Small Business – a great supporter of the #MAGA Agenda. Troy has my Complete and Total Endorsement! https://secure.winred.com/balderson-for-congress/donate …",1678,6933,25792
224,1253465581413597184,False,2020-04-23 16:27:37,"Congressman @DaveJoyceOH14 is a tremendous fighter for the Great State of Ohio! He is Tough on Crime, our Border, Second Amendment, and helps us Combat Illegal Drugs! David has my Complete and Total Endorsement! https://secure.winred.com/davejoyce/donate …",1488,6678,25479
225,1253465418263605249,False,2020-04-23 16:26:58,"Congressman @BradWenstrup is doing a tremendous job for the People of Ohio! He’s a proud Veteran and is Strong on the Border, Tough on Crime, the Second Amendment, and Supports Small Business. Brad has my Complete and Total Endorsement! https://secure.winred.com/usabrad/donate ",1436,6723,25055
226,1253464153530011650,False,2020-04-23 16:21:57,....My co-chair in Utah and a really great guy. Sean has my Complete and Total Endorsement!,898,5847,29074
227,1253464152233906178,False,2020-04-23 16:21:56,"Utah Attorney General Sean Reyes (@SeanReyesUT) is a fighter and hard worker for the Great State of Utah. He is a big supporter of our #MAGA Agenda – Strong on Crime, the Second Amendment, and Loves our Law Enforcement....",1627,9015,41491
228,1253463853645606918,False,2020-04-23 16:20:45,"Congressman John Curtis (@CurtisUT) gets things done for Utah! John fights for Small Businesses, will Lower your Taxes, and will protect your Second Amendment. He has my Complete and Total Endorsement!",1856,8759,38191
229,1253463521876217856,False,2020-04-23 16:19:26,"....He’s 100% pro-life, strong on #2A and Loves our Military and Vets. Chris has my Complete and Total Endorsement! https://secure.winred.com/chrisstewart/donate …",1055,5793,23621
230,1253463520940822538,False,2020-04-23 16:19:26,"Congressman Chris Stewart (@StewartforUtah) is a tremendous fighter for Utah. He served our Country in the U.S. Air Force, and has been a strong supporter of our #MAGA Agenda....",1139,7485,32104
231,1253463098050129923,False,2020-04-23 16:17:45,"Congressman Warren Davidson (@Vote_Davidson) is working very hard for the people of Ohio! He’s a strong supporter of our Military, Vets, Second Amendment, and #MAGA Agenda. Warren has my Complete and Total Endorsement! https://secure.winred.com/davidson/donate ",1219,6245,23964
232,1253462557010124807,False,2020-04-23 16:15:36,....Bill has my Complete and Total Endorsement! https://secure.winred.com/johnson-for-congress/donate …,861,4727,19248
233,1253462554803920902,False,2020-04-23 16:15:35,"Congressman Bill Johnson (@JohnsonLeads) is an incredible fighter for the Great State of Ohio! He’s a proud Veteran and a hard worker who Cares for our Veterans, Supports Small Business, and is Strong on the Border and Second Amendment....",1674,9286,40697
234,1253440435600556032,True,2020-04-23 14:47:42,LIVE: Press Briefing with Coronavirus Task Force https://www.pscp.tv/w/cXCy_jFxTFFHVnJ5UkFKRUp8MW5BSkVkekFqZVhHTPNsXX1UYy0n3c9bh4tRRdLr0dgjTj78Z3ZSC9mf7WMQ …,7542,6232,21697
235,1253426762928668678,False,2020-04-23 13:53:22,I will be having a White House Press Conference today at 5:45 P.M. Thank you!,18379,13469,100569
236,1253341575280656385,False,2020-04-23 08:14:52,https://www.whitehouse.gov/articles/with-excess-national-supply-exchanges-will-allow-u-s-hospitals-to-continue-meeting-ventilator-demand/ …,6102,9213,36963
237,1253341461401096193,False,2020-04-23 08:14:25,https://www.whitehouse.gov/briefings-statements/president-donald-j-trump-honoring-commitment-protect-american-workers-temporarily-pausing-immigration/ …,5750,11584,47591
238,1253341318329315328,False,2020-04-23 08:13:50,https://www.foxnews.com/politics/trump-says-thunderbirds-blue-angels-will-do-flyovers-to-honor-medical-workers …,10330,19492,89099
239,1253297383414390788,False,2020-04-23 05:19:16,Fully signed and ready to go! https://twitter.com/realDonaldTrump/status/1252418369170501639 …,11387,19389,89270
240,1252547765332324352,True,2020-04-21 03:40:33,"It is amazing that I became President of the United States with such a totally corrupt and dishonest Lamestream Media going after me all day, and all night. Either I’m really good, far better than the Fake News wants to admit, or they don’t have nearly the power as once thought!",63804,62898,341879
241,1252556676818968576,True,2020-04-21 04:15:57,"96% Approval Rating in the Republican Party. Thank you! This must also mean that, most importantly, we are doing a good (great) job in the handling of the Pandemic.",39741,35699,216818
242,1253296736589807619,False,2020-04-23 05:16:41,Please study this closely. We saved many lives with our fast action on CoronaVirus! https://twitter.com/realDonaldTrump/status/1252046878314770432 …,12990,25440,83716
243,1253083035383279618,True,2020-04-22 15:07:31,Harvard University says President @realDonaldTrump is RIGHT that it would not have been appropriate for them to receive funds meant for struggling small businesses! pic.twitter.com/bQS1TqoCJL,1423,6357,24278
244,1253296096165670914,False,2020-04-23 05:14:09,"We did it once, we will quickly do it a second time! https://twitter.com/DonaldJTrumpJr/status/1253084269347561474 …",12628,25100,128941
245,1253091763260141571,True,2020-04-22 15:42:12,President @realDonaldTrump announced that the @BlueAngels & @AFThunderbirds will be performing air shows across America in the weeks ahead to pay tribute to health care workers! pic.twitter.com/fRr5B5q1TN,1282,5620,22855
246,1253092819104862208,True,2020-04-22 15:46:24,"President @realDonaldTrump just signed a proclamation temporarily suspending immigration into the United States.

This will ensure unemployed Americans will be FIRST in line for jobs as our economy re-opens and preserve our healthcare resources for American patients.",1763,7265,32318
247,1253102278971666437,True,2020-04-22 16:23:59,President @realDonaldTrump is suspending new immigrant visas to put American communities and workers FIRST as we move toward safely reopening the economy. pic.twitter.com/OkYqOPtN8Y,2516,7634,33303
248,1253295683836219393,False,2020-04-23 05:12:30,Thank you to Harvard and all others! https://twitter.com/CLewandowski_/status/1253105147309445120 …,1999,8851,46590
249,1253107830560886785,True,2020-04-22 16:46:03,"“We are determined to protect our African American, Hispanic American, and minority workers who have been hit so hard by this hidden enemy.” – @realDonaldTrump pic.twitter.com/e452eaIvSs",1376,5251,21250
250,1253295028509835264,False,2020-04-23 05:09:54,.@foxandfriends  We now have many Ventilators to spare. Thank you to all! https://twitter.com/Mike_Pence/status/1253123932280041473 …,2758,8078,37793
251,1253139952226971649,True,2020-04-22 18:53:41,"""As President, I am absolutely determined to deliver a great future for Americans of every race, religion, color, and creed."" 

— President @realDonaldTrump pic.twitter.com/QvW4a3YhPh",8371,14203,63381
252,1253083372038963200,True,2020-04-22 15:08:51,LIVE: Press Briefing with Coronavirus Task Force https://www.pscp.tv/w/cW9mczFxTFFHVnJ5UkFKRUp8MXlOR2FRdmRFQlZHaqb-eSUeB0JwOEDRMRMxlSJV13xHBZ9RUeXOePGyOAnQ …,9863,6882,25032
253,1253064464053739525,False,2020-04-22 13:53:43,I will be having a White House Press Conference today at 5:45 P.M. Thank you!,20472,15841,121870
254,1252991946320015360,True,2020-04-22 09:05:34,LIVE: POTUS & FLOTUS Participate in Tree Planting Ceremony https://www.pscp.tv/w/cW8RTjFxTFFHVnJ5UkFKRUp8MXlOR2FRdmxNanJHagaOSBysES3oY0xl7zPyOYOWx5UleN7NCZmg2E2pq8Zr …,5334,8869,34661
255,1252934447487385600,True,2020-04-22 05:17:05,pic.twitter.com/WP3pKEiBhU,3117,12685,40189
256,1252964659960971265,False,2020-04-22 07:17:08,CDC Director was totally misquoted by Fake News @CNN on Covid 19. He will be putting out a statement.,18811,26191,115794
257,1252964030253318147,False,2020-04-22 07:14:38,"Another FALSE ad by the Do Nothing Democrats. Almost all of their ads are False or Misleading, and the Fake News loves it! https://twitter.com/Nvr4Get91101/status/1252933350693703683 …",7987,16557,56754
258,1252960830255173634,False,2020-04-22 07:01:55,Sleepy Joe thought this was OK. Not me! https://twitter.com/HeshmatAlavi/status/1252934810504495105 …,8690,25201,88520
259,1252932181447630848,False,2020-04-22 05:08:05,I have instructed the United States Navy to shoot down and destroy any and all Iranian gunboats if they harass our ships at sea.,69679,88902,454115
260,1252928613743235072,False,2020-04-22 04:53:54,"States are safely coming back. Our Country is starting to OPEN FOR BUSINESS again. Special care is, and always will be, given to our beloved seniors (except me!). Their lives will be better than ever...WE LOVE YOU ALL!",40734,45601,267439
261,1252915913835364353,False,2020-04-22 04:03:26,"Happy Birthday to the great Cindy Adams of the New York Post. Cindy is 90, but looks 39 to me. She is going strong!",4783,13122,96510
262,1252915116363874305,False,2020-04-22 04:00:16,"I will be signing my Executive Order prohibiting immigration into our Country today. In the meantime, even without this order, our Southern Border, aided substantially by the 170 miles of new Border Wall & 27,000 Mexican soldiers, is very tight - including for human trafficking!",16386,36543,174955
263,1252912612821667840,False,2020-04-22 03:50:19,“Economic impact of Covid-19.” @foxandfriends Very interesting analysis. Light at the end of the tunnel. Thank you!,6151,14468,75463
264,1252812895898877954,True,2020-04-21 21:14:05,“Memorandum on Providing Continued Federal Support for Governors’ Use of the National Guard to Respond to COVID-19 and to Facilitate Economic Recovery” https://www.whitehouse.gov/presidential-actions/memorandum-providing-continued-federal-support-governors-use-national-guard-respond-covid-19-facilitate-economic-recovery/ …,911,6915,24438
265,1252812540607959045,True,2020-04-21 21:12:40,"With Excess National Supply, Exchanges Will Allow U.S. Hospitals to Continue Meeting Ventilator Demand via @WhiteHouseCEA @TomPhilipson45.... https://www.whitehouse.gov/articles/with-excess-national-supply-exchanges-will-allow-u-s-hospitals-to-continue-meeting-ventilator-demand/ …",851,5611,21557
266,1252758708381196289,True,2020-04-21 17:38:45,Had a great meeting w/ @realDonaldTrump today @WhiteHouse to discuss the ongoing response to COVID-19. Grateful for the phenomenal efforts & results of the President & his team delivering for NY & LI. TEAMWORK! pic.twitter.com/niWMYVTFmU,1362,6717,26736
267,1252046878314770432,True,2020-04-19 18:30:12,"BRILLIANT, A MUST WATCH! @RepDanCrenshaw pic.twitter.com/W6pGsJQ2ua",40112,93898,248815
268,1251477251318845440,True,2020-04-18 04:46:42,pic.twitter.com/4F550CRmQT,7131,16965,75105
269,1252803444844494854,False,2020-04-21 20:36:31,Harvard should give back the money now. Their whole “endowment” system should be looked at! https://twitter.com/Yamiche/status/1252719333148692480 …,10765,29301,117882
270,1252736886570979329,True,2020-04-21 16:12:03,"President Trump: ""I want Harvard to pay the money back, okay? If they won't do that, then we won't do something else."" pic.twitter.com/CZV6ibUiQG",3317,10378,40693
271,1252750734459895809,True,2020-04-21 17:07:04,"”The New York Metropolitan area has been the epicenter of the outbreak here in America and the Federal government has spared no expense or resource to get New Yorkers the care they need and the care they deserve.”

We are with you, New York! pic.twitter.com/BLSs60rmcH",3122,7344,30515
272,1252747406615236608,True,2020-04-21 16:53:51,"Earlier today, President @realDonaldTrump met with Governor Cuomo to discuss his statewide testing strategy. pic.twitter.com/LCVETkIN0p",1393,5404,24668
273,1252730730528079872,True,2020-04-21 15:47:35,The bill passed in the Senate today will provide an additional $310 billion for the Paycheck Protection Program! pic.twitter.com/naxt5dq0DT,1554,7307,30940
274,1252697006562250752,False,2020-04-21 13:33:35,"Great new book just out by the Former Director of Ice, Tom Homan: “Defend the Border and Save Lives: Solving Our Most Important Humanitarian and Security Crisis.” Great guy, get your copy today! pic.twitter.com/zgaQBHoSp9",8042,15041,60173
275,1252688538069618689,False,2020-04-21 12:59:55,I will be having a White House Press Conference today at 5:30 P.M. Thank you!,19011,17946,126371
276,1252640539574448128,False,2020-04-21 09:49:12,"....to State/Local Governments for lost revenues from COVID 19, much needed Infrastructure Investments for Bridges, Tunnels, Broadband, Tax Incentives for Restaurants, Entertainment, Sports, and Payroll Tax Cuts to increase Economic Growth.",4983,13596,61660
277,1252640538647506947,False,2020-04-21 09:49:12,"I urge the Senate and House to pass the Paycheck Protection Program and Health Care Enhancement Act with additional funding for PPP, Hospitals, and Testing. After I sign this Bill, we will begin discussions on the next Legislative Initiative with fiscal relief....",9186,25446,116976
278,1252455721666351104,True,2020-04-20 21:34:48,How apropos that the Witch is behind the Witch Hunt. https://twitter.com/GreggJarrett/status/1251651450482176000 …,4131,11339,34150
279,1252276645076975617,True,2020-04-20 09:43:13,"The States need to step up their own testing and take responsibility and if they can't, perhaps the politicians in those States needs to be replaced?",4245,8852,33736
280,1252260074782887941,False,2020-04-20 08:37:22,"... “Testing, Testing, Testing,” again playing a very dangerous political game. States, not the Federal Government, should be doing the Testing - But we will work with the Governors and get it done. This is easy compared to the fast production of thousands of complex Ventilators!",18804,21779,97793
281,1252260073839177728,False,2020-04-20 08:37:22,"Last month all you heard from the Radical Left, Do Nothing Democrats was, “Ventilators, Ventilators, Ventilators.” They screamed it loud & clear, & thought they had us cold, even though it was the State’s task. But everyone got their V’s, with many to spare. Now they scream....",23129,30521,140517
282,1252243673867313152,False,2020-04-20 07:32:12,"Received a very nice call from @GovTimWalz of Minnesota. We are working closely on getting him all he needs, and fast. Good things happening!",10646,18635,109871
283,1252002765708148736,True,2020-04-19 15:34:55,https://www.wsj.com/articles/trump-rewrites-the-book-on-emergencies-11587142872 …,3206,9719,32395
284,1252063611616444428,True,2020-04-19 19:36:41,"“Every person who leaves the hospital is a win and celebrated by our staff. We play ‘Here Comes the Sun’ over the loudspeaker each time. Today we heard the beloved Beatles song a lot, sounding sweeter each time. Including for 80+ year old Rita shown here.” https://www.instagram.com/p/B-0bl0gJ0pW/?igshid=djyexhtyk52a … pic.twitter.com/PgnrhhweJg",2090,10769,44241
285,1252235263327125506,False,2020-04-20 06:58:46,"Congratulations to all of my many friends at The Villages in Florida on having done so well, and with such great spirit, during these rather unusual times. So proud of everyone! Mark Morse & Gary Lester have really stepped up to the plate. Hope to see everyone soon.",6408,15789,86723
286,1252204786059018240,False,2020-04-20 04:57:40,pic.twitter.com/cU6gIdMgGi,54732,105965,394179
287,1252046878314770432,False,2020-04-19 18:30:12,"BRILLIANT, A MUST WATCH! @RepDanCrenshaw pic.twitter.com/W6pGsJQ2ua",40112,93898,248815
288,1252000214824529923,True,2020-04-19 15:24:46,LIVE: Press Briefing with Coronavirus Task Force https://www.pscp.tv/w/cWt1rjFxTFFHVnJ5UkFKRUp8MXlwS2RRT0JWVnJHVy44t__cQNkL5O102VgMexchxETOy-Ezpryhvy-U8PGd …,10560,8787,30834
289,1251967168771735555,False,2020-04-19 13:13:28,White House News Conference at 5:45. Thank you!,20795,17377,114404
290,1251958283503624192,False,2020-04-19 12:38:09,Thank you to my boy! https://twitter.com/DonaldJTrumpJr/status/1250040286274891776 …,16910,48548,147654
291,1251953233184149504,False,2020-04-19 12:18:05,"“On February 19th there was a Democratic Debate, in Las Vegas. Three words weren’t said: Virus, CoronaVirus, or COVID19. NEVER came up!” @BretBaier",16065,32082,110706
292,1251952575403958280,False,2020-04-19 12:15:28,Great book by @SenatorTimScott! https://twitter.com/realDonaldTrump/status/1250448126835675139 …,2655,9072,36437
293,1251952315826921480,False,2020-04-19 12:14:26,".@FoxNews “Dems say President Trump is trying to open the United States Economy too quickly”, but, if I took even a little more time, they would loudly chant that I am moving too slowly. Just political talking points for them. For me it’s about lives &  the future of our Country!",25944,37879,176794
294,1251190246894710788,True,2020-04-17 09:46:15,"Acting DNI @RichardGrenell is Succeeding, Angering Traitors @AmbassadorRice & @RepAdamSchiff https://www.newsmax.com/fred-fleitz/oversight-intelligence-dossier-steele/2020/04/17/id/963325/ … #Newsmax",1749,10038,27425
295,1251630041135550464,True,2020-04-18 14:53:50,I have known #LauraLoomer for years and said from day one that if she runs she will win...  @TheDemocrats are about to get a rude awakening. https://nypost.com/2020/04/18/republican-aoc-laura-loomer-gains-steam-in-congressional-run/ …,2387,13600,39306
296,1251817359687417858,True,2020-04-19 03:18:10,Hey-yo 2020!!! pic.twitter.com/2v7XMbuNdE,2948,9808,30707
297,1035168186877046785,True,2018-08-30 07:11:42,"Love @realDonaldTrump, keep up the fight for America !!! https://twitter.com/realDonaldTrump/status/661173906758352900 …",1094,6313,20814
298,1251522240438509568,True,2020-04-18 07:45:28,"While @realDonaldTrump believes the enemy is coronavirus, @SpeakerPelosi believes the enemy is Pres Trump. In order to defeat COVID-19, we must have a clear head & united, common purpose to confront and end this pandemic. #FundPPP pic.twitter.com/pp50vZ12aB",2500,8167,24547
299,1251267004385943553,True,2020-04-17 14:51:15,"Factoring in local conditions & partnering w/states, we must reopen our economy smartly & precisely & prevent a 2nd outbreak. Proud to be on @realDonaldTrump's bipartisan Opening Up America Again Congressional Group. Let's get the US economy reopened ASAP! https://www.foxnews.com/opinion/trump-reopening-america-road-map-lee-zeldin …",1520,5565,19827
300,1251232404100038656,False,2020-04-17 12:33:46,White House news conference today at 6:00 P.M. Eastern. Thank you!,23792,18352,105791
301,1251193712580968450,False,2020-04-17 10:00:01,"Cuomo ridiculously wanted “40 thousand Ventilators”. We gave him a small fraction of that number, and it was plenty. State should have had them in stockpile!",32302,26047,128630
302,1251186839983132673,False,2020-04-17 09:32:43,The States have to step up their TESTING!,40037,23634,140163
303,1251186179548033025,False,2020-04-17 09:30:05,"China has just announced a doubling in the number of their deaths from the Invisible Enemy. It is far higher than that and far higher than the U.S., not even close!",44689,61673,271492
304,1251185023459483653,False,2020-04-17 09:25:30,"Biden/Obama were a disaster in handling the H1N1 Swine Flu. Polling at the time showed disastrous approval numbers. 17,000 people died unnecessarily and through incompetence! Also, don’t forget their 5 Billion Dollar Obamacare website that should have cost close to nothing!",46997,31590,125196
305,1251181566740619265,False,2020-04-17 09:11:45,"....testing that you should be doing. We have given New York far more money, help and equipment than any other state, by far, & these great men & women who did the job never hear you say thanks. Your numbers are not good. Less talk and more action!",13465,21492,96804
306,1251181563506757632,False,2020-04-17 09:11:45,"Governor Cuomo should spend more time “doing” and less time “complaining”. Get out there and get the job done. Stop talking! We built you thousands of hospital beds that you didn’t need or use, gave large numbers of Ventilators that you should have had, and helped you with....",30450,32651,143451
307,1251169987110330372,False,2020-04-17 08:25:45,"LIBERATE VIRGINIA, and save your great 2nd Amendment. It is under siege!",51826,46887,196840
308,1251169217531056130,False,2020-04-17 08:22:41,LIBERATE MICHIGAN!,44970,42882,211691
309,1251168994066944003,False,2020-04-17 08:21:48,LIBERATE MINNESOTA!,30211,37141,175827
310,1251146022665048064,False,2020-04-17 06:50:31,"Today people started losing their jobs because of Crazy Nancy Pelosi, Cryin’ Chuck Schumer, and the Radical Left, Do Nothing Democrats, who should immediately come back to Washington and approve legislation to help families in America. End your ENDLESS VACATION!",33820,53330,193420
311,1251138465246449664,False,2020-04-17 06:20:29,"....in January and February, as the Virus spread globally? Why did the W.H.O. wait as long as it did to take decisive action? Lanhee Chen, Hoover Institution Fellow @FoxNews",13825,30171,120109
312,1251138462968922119,False,2020-04-17 06:20:29,Why did the W.H.O. Ignore an email from Taiwanese health officials in late December alerting them to the possibility that CoronaVirus could be transmitted between humans? Why did the W.H.O. make several claims about the CoronaVirus that ere either inaccurate or misleading....,43619,88676,314702
313,1250968694773211141,False,2020-04-16 19:05:53,THANK GOD FOR TRUCKERS! pic.twitter.com/PNLPAkhNUK,13566,45749,237787
314,1250928193755926531,False,2020-04-16 16:24:57,https://www.whitehouse.gov/openingamerica/ ,22675,36335,143573
315,1250907915587706880,True,2020-04-16 15:04:22,LIVE: Press Briefing with Coronavirus Task Force https://www.pscp.tv/w/cWd8ZjFxTFFHVnJ5UkFKRUp8MWdxeHZFWGFYZWdKQusAJeDK3RcGaK-5FgP5PCNXDW7J93AsutKNntoEqpxl …,6439,9249,31657
316,1250852583318736896,False,2020-04-16 11:24:30,"Crazy Nancy Pelosi deleted this from her Twitter account. She wanted everyone to pack into Chinatown long after I closed the BORDER TO CHINA. Based on her statement, she is responsible for many deaths. She’s an incompetent, third-rate politician! pic.twitter.com/uWNI7DCG3o",59529,99160,273148
317,1250851143363805185,False,2020-04-16 11:18:46,"Major News Conference tonight, the White House at 6:00 P.M. (Eastern), to explain Guidelines for OPENING UP AMERICA AGAIN!",26230,37973,179165
318,1250834265471954945,False,2020-04-16 10:11:42,Democrats are blocking additional funding for the popular Paycheck Protection Program. They are killing American small businesses. Stop playing politics Dems! Support Refilling PPP NOW – it is out of funds!,20478,47759,174343
319,1250779261595783168,False,2020-04-16 06:33:08,"Crazy “Nancy Pelosi, you are a weak person. You are a poor leader. You are the reason America hates career politicians, like yourself.” @seanhannity She is totally incompetent & controlled by the Radical Left, a weak and pathetic puppet. Come back to Washington and do your job!",64007,70165,295718
320,1250774109144875008,False,2020-04-16 06:12:40,".@OANN Poll “Gives President Trump a 52% Approval Rating in North Carolina, and a seven point lead over (Sleepy) Joe Biden. The President also helps other Republican Candidates, including @SenThomTillis, who has a 4% lead over his Democrat rival.”",22689,23749,109337
321,1250557027010707456,True,2020-04-15 15:50:04,The Federal government has ordered and shipped hundreds of millions of PPE items around the country. pic.twitter.com/bVD3SyuXas,12056,11042,48685
322,1250554200104284161,True,2020-04-15 15:38:50,"In 11 days, @GM sourced materials, transformed a manufacturing facility, and trained a workforce to build lifesaving ventilators in Kokomo, Indiana.

Watch the clip: pic.twitter.com/e7GY3YaUhz",3803,10199,40301
323,1250551289622208523,True,2020-04-15 15:27:16,"We are using every available authority to accelerate the development, study, and delivery of therapies. pic.twitter.com/GKbkUd0nxd",3596,9653,42367
324,1250547562379120647,True,2020-04-15 15:12:27,"To date, more than 3.3 million Coronavirus tests have been completed and 48 different tests have been authorized. pic.twitter.com/oShlHhPgTK",5515,9110,38308
325,1250526689702150153,False,2020-04-15 13:49:31,White House news conference today at 5:30 P.M. Eastern. Thank you!,23352,16437,122952
326,1250499831132573699,False,2020-04-15 12:02:47,"We are having very productive calls with the leaders of every sector of the economy who are all-in on getting America back to work, and soon. More to come! #MAGA",27665,34225,196355
327,1250450832937684992,False,2020-04-15 08:48:05,"My condolences to the Steinbrenner family, and the entire @Yankees Organization, on the passing of Hank Steinbrenner. He was a friend and will be missed greatly by all! https://twitter.com/Yankees/status/1250151661986811905 …",5469,11831,64386
328,1250448788386439168,False,2020-04-15 08:39:58,#ThanksForDelivering @UPS! https://twitter.com/UPS/status/1250219565356912641 …,7879,18553,90878
329,1250138786463449088,True,2020-04-14 12:08:07,"Hard at work in #NYC.

#USNavy Sailors provide care for trauma, emergency, and urgent care patients without regard to their #COVID19 status aboard #USNSComfort. Comfort is working with Javits New York Medical Station as an integrated system to relieve the city's medical system. pic.twitter.com/rv9RzTffgD",1337,7985,30750
330,1250448126835675139,False,2020-04-15 08:37:20,"Our GREAT Senator from South Carolina, @SenatorTimScott just released a fantastic new book, “OPPORTUNITY KNOCKS: How Hard Work, Community, and Business Can Improve Lives and End Poverty.” Get your copy today! pic.twitter.com/fmSYMijfgm",7800,14581,56414
331,1250067534050660358,True,2020-04-14 07:24:59,RT to tell Chuck Schumer and Nancy Pelosi to STOP blocking critical funding for small businesses. The Paycheck Protection Program is about to run out of money—millions of jobs are hanging in the balance. Congress MUST ACT!,7455,38869,68117
332,1250223610867986432,False,2020-04-14 17:45:11,“The Art of an Oil Deal” https://www.wsj.com/articles/the-art-of-an-oil-deal-11586819335 …,17625,20744,86448
333,1250194670031974400,True,2020-04-14 15:50:11,President @realDonaldTrump is halting funding of the World Health Organization while a review is conducted to assess WHO's role in mismanaging the Coronavirus outbreak. pic.twitter.com/jTrEf4WWj0,32181,30666,121433
334,1250203462555570176,False,2020-04-14 16:25:07,pic.twitter.com/KRxBA0OjpX,9867,16166,81170
335,1250172326920040449,False,2020-04-14 14:21:24,White House news conference today at 5:45 P.M. Eastern. Thank you!,27802,16786,128315
336,1250088893766078470,False,2020-04-14 08:49:52,My Administration is committed to protecting the Homeland from the scourge of narco-terrorists and traffickers seeking to destabilize the United States and our Hemisphere. Our military deployments in the Caribbean & Eastern Pacific will endure until these threats are neutralized! https://twitter.com/USCGPacificSW/status/1249761305084350465 …,16168,32041,114474
337,1250075668282576898,False,2020-04-14 07:57:19,"Tell the Democrat Governors that “Mutiny On The Bounty” was one of my all time favorite movies. A good old fashioned mutiny every now and then is an exciting and invigorating thing to watch, especially when the mutineers need so much from the Captain. Too easy!",71419,37808,161595
338,1250067500190089217,False,2020-04-14 07:24:51,"GET RID OF BALLOT HARVESTING, IT IS RAMPANT WITH FRAUD. THE USA MUST HAVE VOTER I.D., THE ONLY WAY TO GET AN HONEST COUNT!",43347,68788,285970
339,1250063051182747651,False,2020-04-14 07:07:11,"Cuomo’s been calling daily, even hourly, begging for everything, most of which should have been the state’s responsibility, such as new hospitals, beds, ventilators, etc. I got it all done for him, and everyone else, and now he seems to want Independence! That won’t happen!",56754,37906,196755
340,1250056263746162688,False,2020-04-14 06:40:12,The Democrats don’t want to approve more money for our great workers under the incredibly successful “Paycheck” plan. Replenish Account Now!,16339,31557,131651
341,1249888406127153155,False,2020-04-13 19:33:12,pic.twitter.com/DRVhpMCuAx,18367,23396,80736
342,1249886901320011786,False,2020-04-13 19:27:13,pic.twitter.com/ImJ7W5MACi,8287,19909,71166
343,1249882105406009345,False,2020-04-13 19:08:10,pic.twitter.com/NOAE5Q6QxH,14879,34170,135479
344,1249827680788381697,True,2020-04-13 15:31:54,"Media keep asking what the Trump Administration was doing in February to combat the coronavirus after restricting travel from China.

There's a helpful timeline for that! https://www.donaldjtrump.com/media/timeline-the-trump-administrations-decisive-actions-to-combat-the-coronavirus/ … pic.twitter.com/mVPrd2m8Z4",11523,21977,51690
345,1249858152578920449,False,2020-04-13 17:32:59,pic.twitter.com/6fEymjTjUM,28032,55243,160797
346,1249835980170891272,True,2020-04-13 16:04:53,"""We're very close to completing a plan to open our country."" pic.twitter.com/xnV4XxwnjL",11966,19020,85679
347,1249825891322081280,True,2020-04-13 15:24:47,"Over the weekend, the number of daily new infections remained flat.

Thanks to the efforts of every American, our strategies are working. pic.twitter.com/4hXoE09q49",4339,9937,42953
348,1249823397602832384,True,2020-04-13 15:14:53,President @realDonaldTrump offered his condolences to Americans across the south who just endured deadly tornadoes and severe weather. pic.twitter.com/BNqpPaj3FY,2632,9445,45053
349,1249816745516371971,True,2020-04-13 14:48:27,LIVE: Press Briefing with Coronavirus Task Force https://www.pscp.tv/w/cWOEKzFxTFFHVnJ5UkFKRUp8MXJtR1BBbW9ucWRKTuNwQoC2EEWTKwQWEZHA7iI2w3qIb6DHj_qVoTBbmyJt …,13945,9926,33618
350,1249808119217172489,False,2020-04-13 14:14:10,"My deepest sympathies go out to Frieda Chera and the family of the late, great, Stanley Chera, one of Manhattan’s most brilliant real estate minds. Stanley was charitable, kind, and a wonderful friend. He will be truly missed!",9695,17497,117847
351,1249797383132766215,False,2020-04-13 13:31:30,"First the Fake News Media said that it’s not fair for the President of the United States to be giving news conferences, but it is the only way I can reach the American People, as seen in the below poll. pic.twitter.com/xP2rqjqtaf",23967,28456,117392
352,1249782050871300096,False,2020-04-13 12:30:35,White House news conference today at 5:00 P.M. Eastern. Thank you!,26171,21218,143750
353,1249712413219397632,False,2020-04-13 07:53:52,"....It is the decision of the President, and for many good reasons. With that being said, the Administration and I are working closely with the Governors, and this will continue. A decision by me, in conjunction with the Governors and input from others, will be made shortly!",30110,25255,113120
354,1249712404260421633,False,2020-04-13 07:53:50,"For the purpose of creating conflict and confusion, some in the Fake News Media are saying that it is the Governors decision to open up the states, not that of the President of the United States & the Federal Government. Let it be fully understood that this is incorrect....",47204,36269,159625
355,1249691642975727616,False,2020-04-13 06:31:20,"....disaster, the Energy Industry will be strong again, far faster than currently anticipated. Thank you to all of those who worked with me on getting this very big business back on track, in particular Russia and Saudi Arabia.",7130,17148,84382
356,1249691637040795654,False,2020-04-13 06:31:19,"Having been involved in the negotiations, to put it mildly, the number that OPEC+ is looking to cut is 20 Million Barrels a day, not the 10 Million that is generally being reported. If anything near this happens, and the World gets back to business from the Covid 19.....",9562,23510,112920
357,1249519742093864961,False,2020-04-12 19:08:16,"The @nytimes story is a Fake, just like the “paper” itself. I was criticized for moving too fast when I issued the China Ban, long before most others wanted to do so. @SecAzar told me nothing until later, and Peter Navarro memo was same as Ban (see his statements). Fake News!",28061,29664,126844
358,1249506799532867585,False,2020-04-12 18:16:50,"I am working hard to expose the corruption and dishonesty in the Lamestream Media. That part is easy, the hard part is WHY?",81366,74313,398478
359,1247139505590751234,True,2020-04-06 05:30:03,US House hopeful Mowers raised $354K in first quarter; campaign says it’s a primary record for a GOP candidate in NH. We need to win NH for ⁦@realDonaldTrump⁩ and this seat is part of the path back to the Majority in Congress.  Big Numbers! https://www.wmur.com/article/us-house-hopeful-mowers-raised-dollar354k-in-first-quarter-campaign-says-its-a-primary-record-for-a-gop-candidate-in-nh/32046398 …,1954,11771,40229
